<?xml version='1.0' encoding='utf-8'?>
<!--
  ~ Hibernate, Relational Persistence for Idiomatic Java
  ~
  ~ License: GNU Lesser General Public License (LGPL), version 2.1 or later.
  ~ See the lgpl.txt file in the root directory or <http://www.gnu.org/licenses/lgpl-2.1.html>.
  -->
<!DOCTYPE hibernate-configuration PUBLIC
        "-//Hibernate/Hibernate Configuration DTD 3.0//EN"
        "http://www.hibernate.org/dtd/hibernate-configuration-3.0.dtd">

<hibernate-configuration>

    <session-factory>

        <!-- Database connection settings -->
        <!-- <property name="connection.driver_class">org.hsqldb.jdbcDriver</property>
                    <property name="connection.url">jdbc:hsqldb:hsql://localhost/TestDB</property> -->

        <property name="connection.driver_class">oracle.jdbc.driver.OracleDriver</property>
        <property name="connection.url">jdbc:oracle:thin:@localhost:1521/xe</property>
        <property name="connection.username">yuva</property>
        <property name="connection.password">yuva</property>

        <!-- JDBC connection pool (use the built-in) -->
        <property name="connection.pool_size">1</property>

        <!-- SQL dialect -->
        <property name="dialect">
            org.hibernate.dialect.Oracle10gDialect
        </property>

		
        <property name="current_session_context_class">thread</property>
        <!-- Echo all executed SQL to stdout -->
        <property name="show_sql">true</property>

		<!-- Drop and re-create the database schema on startup -->
		<property name="hibernate.hbm2ddl.auto">update</property>
		<!-- Updates the database schema on startup -->
		<!-- <property name="hibernate.hbm2ddl.auto">update</property> -->
       
		<!-- Names the annotated entity class -->
		<mapping class="org.yuva.hibernate.userdetails"/>
		<mapping class="org.yuva.hibernate.Vehicle"/>
		<mapping class="org.yuva.hibernate.TwoWheeler"/>
		<mapping class="org.yuva.hibernate.FourWheeler"/>
		
    </session-factory>

</hibernate-configuration>
